date,demand,source,indicator
1992-01-01,5483.09137531128,FRED / World Bank Pink Sheet,PTINUSDM
1992-02-01,5612.10012927856,FRED / World Bank Pink Sheet,PTINUSDM
1992-03-01,5637.04540996094,FRED / World Bank Pink Sheet,PTINUSDM
1992-04-01,5836.2497276123,FRED / World Bank Pink Sheet,PTINUSDM
1992-05-01,6113.15801934814,FRED / World Bank Pink Sheet,PTINUSDM
1992-06-01,6631.99994276123,FRED / World Bank Pink Sheet,PTINUSDM
1992-07-01,6980.49985119018,FRED / World Bank Pink Sheet,PTINUSDM
1992-08-01,6784.21076134033,FRED / World Bank Pink Sheet,PTINUSDM
1992-09-01,6643.33320200806,FRED / World Bank Pink Sheet,PTINUSDM
1992-10-01,6025.90907946167,FRED / World Bank Pink Sheet,PTINUSDM
1992-11-01,5735.71439985962,FRED / World Bank Pink Sheet,PTINUSDM
1992-12-01,5765.80926595459,FRED / World Bank Pink Sheet,PTINUSDM
1993-01-01,5913.09992277222,FRED / World Bank Pink Sheet,PTINUSDM
1993-02-01,5792.75006144409,FRED / World Bank Pink Sheet,PTINUSDM
1993-03-01,5666.30466264038,FRED / World Bank Pink Sheet,PTINUSDM
1993-04-01,5596.49999379883,FRED / World Bank Pink Sheet,PTINUSDM
1993-05-01,5505.47363722839,FRED / World Bank Pink Sheet,PTINUSDM
1993-06-01,5115.45443951416,FRED / World Bank Pink Sheet,PTINUSDM
1993-07-01,4978.54537110901,FRED / World Bank Pink Sheet,PTINUSDM
1993-08-01,4819.00006005859,FRED / World Bank Pink Sheet,PTINUSDM
1993-09-01,4510.68192121277,FRED / World Bank Pink Sheet,PTINUSDM
1993-10-01,4687.23822227783,FRED / World Bank Pink Sheet,PTINUSDM
1993-11-01,4643.81828251038,FRED / World Bank Pink Sheet,PTINUSDM
1993-12-01,4781.69987844543,FRED / World Bank Pink Sheet,PTINUSDM
1994-01-01,4950.71412927856,FRED / World Bank Pink Sheet,PTINUSDM
1994-02-01,5442.45008562927,FRED / World Bank Pink Sheet,PTINUSDM
1994-03-01,5405.52162415466,FRED / World Bank Pink Sheet,PTINUSDM
1994-04-01,5383.05257147217,FRED / World Bank Pink Sheet,PTINUSDM
1994-05-01,5493.47632770691,FRED / World Bank Pink Sheet,PTINUSDM
1994-06-01,5497.63622927551,FRED / World Bank Pink Sheet,PTINUSDM
1994-07-01,5300.95254420166,FRED / World Bank Pink Sheet,PTINUSDM
1994-08-01,5173.31831375122,FRED / World Bank Pink Sheet,PTINUSDM
1994-09-01,5318.72715839233,FRED / World Bank Pink Sheet,PTINUSDM
1994-10-01,5479.28570116882,FRED / World Bank Pink Sheet,PTINUSDM
1994-11-01,6139.09096548462,FRED / World Bank Pink Sheet,PTINUSDM
1994-12-01,5935.50001380005,FRED / World Bank Pink Sheet,PTINUSDM
1995-01-01,6187.61911367188,FRED / World Bank Pink Sheet,PTINUSDM
1995-02-01,5431.00009616699,FRED / World Bank Pink Sheet,PTINUSDM
1995-03-01,5516.30431739197,FRED / World Bank Pink Sheet,PTINUSDM
1995-04-01,5854.44416690063,FRED / World Bank Pink Sheet,PTINUSDM
1995-05-01,5924.52400956421,FRED / World Bank Pink Sheet,PTINUSDM
1995-06-01,6646.81828855591,FRED / World Bank Pink Sheet,PTINUSDM
1995-07-01,6640.75033574219,FRED / World Bank Pink Sheet,PTINUSDM
1995-08-01,6966.13631591797,FRED / World Bank Pink Sheet,PTINUSDM
1995-09-01,6333.7498690979,FRED / World Bank Pink Sheet,PTINUSDM
1995-10-01,6209.54555587158,FRED / World Bank Pink Sheet,PTINUSDM
1995-11-01,6381.6664451477,FRED / World Bank Pink Sheet,PTINUSDM
1995-12-01,6275.78978494263,FRED / World Bank Pink Sheet,PTINUSDM
1996-01-01,6257.14255352173,FRED / World Bank Pink Sheet,PTINUSDM
1996-02-01,6189.28563092651,FRED / World Bank Pink Sheet,PTINUSDM
1996-03-01,6205.24974938354,FRED / World Bank Pink Sheet,PTINUSDM
1996-04-01,6467.2502133728,FRED / World Bank Pink Sheet,PTINUSDM
1996-05-01,6401.90484060059,FRED / World Bank Pink Sheet,PTINUSDM
1996-06-01,6183.7498602478,FRED / World Bank Pink Sheet,PTINUSDM
1996-07-01,6245.52201011352,FRED / World Bank Pink Sheet,PTINUSDM
1996-08-01,6109.52357194824,FRED / World Bank Pink Sheet,PTINUSDM
1996-09-01,6093.71419671631,FRED / World Bank Pink Sheet,PTINUSDM
1996-10-01,5933.09072906494,FRED / World Bank Pink Sheet,PTINUSDM
1996-11-01,5993.85704796753,FRED / World Bank Pink Sheet,PTINUSDM
1996-12-01,5826.23784094849,FRED / World Bank Pink Sheet,PTINUSDM
1997-01-01,5871.13625131226,FRED / World Bank Pink Sheet,PTINUSDM
1997-02-01,5874.3158881897,FRED / World Bank Pink Sheet,PTINUSDM
1997-03-01,5901.31588978271,FRED / World Bank Pink Sheet,PTINUSDM
1997-04-01,5707.59082789307,FRED / World Bank Pink Sheet,PTINUSDM
1997-05-01,5704.84985441895,FRED / World Bank Pink Sheet,PTINUSDM
1997-06-01,5560.28570594788,FRED / World Bank Pink Sheet,PTINUSDM
1997-07-01,5435.78267101746,FRED / World Bank Pink Sheet,PTINUSDM
1997-08-01,5423.29993872681,FRED / World Bank Pink Sheet,PTINUSDM
1997-09-01,5493.47632770691,FRED / World Bank Pink Sheet,PTINUSDM
1997-10-01,5556.52174519653,FRED / World Bank Pink Sheet,PTINUSDM
1997-11-01,5650.99988488159,FRED / World Bank Pink Sheet,PTINUSDM
1997-12-01,5506.19050203857,FRED / World Bank Pink Sheet,PTINUSDM
1998-01-01,5200.49997043457,FRED / World Bank Pink Sheet,PTINUSDM
1998-02-01,5236.49997255859,FRED / World Bank Pink Sheet,PTINUSDM
1998-03-01,5468.63633969726,FRED / World Bank Pink Sheet,PTINUSDM
1998-04-01,5707.00011245117,FRED / World Bank Pink Sheet,PTINUSDM
1998-05-01,5868.15778062744,FRED / World Bank Pink Sheet,PTINUSDM
1998-06-01,5967.85682216797,FRED / World Bank Pink Sheet,PTINUSDM
1998-07-01,5651.19028632812,FRED / World Bank Pink Sheet,PTINUSDM
1998-08-01,5690.26295066528,FRED / World Bank Pink Sheet,PTINUSDM
1998-09-01,5479.77280592957,FRED / World Bank Pink Sheet,PTINUSDM
1998-10-01,5424.49987151794,FRED / World Bank Pink Sheet,PTINUSDM
1998-11-01,5477.99998680725,FRED / World Bank Pink Sheet,PTINUSDM
1998-12-01,5262.36833021851,FRED / World Bank Pink Sheet,PTINUSDM
1999-01-01,5102.99996468201,FRED / World Bank Pink Sheet,PTINUSDM
1999-02-01,5262.0,FRED / World Bank Pink Sheet,PTINUSDM
1999-03-01,5292.95454545455,FRED / World Bank Pink Sheet,PTINUSDM
1999-04-01,5381.75,FRED / World Bank Pink Sheet,PTINUSDM
1999-05-01,5643.15789473684,FRED / World Bank Pink Sheet,PTINUSDM
1999-06-01,5262.72727272727,FRED / World Bank Pink Sheet,PTINUSDM
1999-07-01,5210.45454545455,FRED / World Bank Pink Sheet,PTINUSDM
1999-08-01,5224.28571428571,FRED / World Bank Pink Sheet,PTINUSDM
1999-09-01,5336.81818181818,FRED / World Bank Pink Sheet,PTINUSDM
1999-10-01,5425.2380952381,FRED / World Bank Pink Sheet,PTINUSDM
1999-11-01,5835.22727272727,FRED / World Bank Pink Sheet,PTINUSDM
1999-12-01,5719.11764705882,FRED / World Bank Pink Sheet,PTINUSDM
2000-01-01,5926.25,FRED / World Bank Pink Sheet,PTINUSDM
2000-02-01,5669.0,FRED / World Bank Pink Sheet,PTINUSDM
2000-03-01,5463.8,FRED / World Bank Pink Sheet,PTINUSDM
2000-04-01,5398.05,FRED / World Bank Pink Sheet,PTINUSDM
2000-05-01,5437.95652173913,FRED / World Bank Pink Sheet,PTINUSDM
2000-06-01,5461.18181818182,FRED / World Bank Pink Sheet,PTINUSDM
2000-07-01,5329.7619047619,FRED / World Bank Pink Sheet,PTINUSDM
2000-08-01,5314.34782608696,FRED / World Bank Pink Sheet,PTINUSDM
2000-09-01,5471.80952380952,FRED / World Bank Pink Sheet,PTINUSDM
2000-10-01,5266.45454545455,FRED / World Bank Pink Sheet,PTINUSDM
2000-11-01,5264.81818181818,FRED / World Bank Pink Sheet,PTINUSDM
2000-12-01,5227.4,FRED / World Bank Pink Sheet,PTINUSDM
2001-01-01,5168.5,FRED / World Bank Pink Sheet,PTINUSDM
2001-02-01,5121.25,FRED / World Bank Pink Sheet,PTINUSDM
2001-03-01,5049.63636363636,FRED / World Bank Pink Sheet,PTINUSDM
2001-04-01,4949.77777777778,FRED / World Bank Pink Sheet,PTINUSDM
2001-05-01,4951.78947368421,FRED / World Bank Pink Sheet,PTINUSDM
2001-06-01,4829.90476190476,FRED / World Bank Pink Sheet,PTINUSDM
2001-07-01,4343.59090909091,FRED / World Bank Pink Sheet,PTINUSDM
2001-08-01,3929.45454545455,FRED / World Bank Pink Sheet,PTINUSDM
2001-09-01,3698.36842105263,FRED / World Bank Pink Sheet,PTINUSDM
2001-10-01,3749.17391304348,FRED / World Bank Pink Sheet,PTINUSDM
2001-11-01,4059.31818181818,FRED / World Bank Pink Sheet,PTINUSDM
2001-12-01,4022.47058823529,FRED / World Bank Pink Sheet,PTINUSDM
2002-01-01,3867.95454545455,FRED / World Bank Pink Sheet,PTINUSDM
2002-02-01,3724.61111111111,FRED / World Bank Pink Sheet,PTINUSDM
2002-03-01,3850.75,FRED / World Bank Pink Sheet,PTINUSDM
2002-04-01,4026.47619047619,FRED / World Bank Pink Sheet,PTINUSDM
2002-05-01,4152.81818181818,FRED / World Bank Pink Sheet,PTINUSDM
2002-06-01,4303.33333333333,FRED / World Bank Pink Sheet,PTINUSDM
2002-07-01,4313.78260869565,FRED / World Bank Pink Sheet,PTINUSDM
2002-08-01,3832.2380952381,FRED / World Bank Pink Sheet,PTINUSDM
2002-09-01,3961.7619047619,FRED / World Bank Pink Sheet,PTINUSDM
2002-10-01,4242.08695652174,FRED / World Bank Pink Sheet,PTINUSDM
2002-11-01,4228.95238095238,FRED / World Bank Pink Sheet,PTINUSDM
2002-12-01,4227.19047619048,FRED / World Bank Pink Sheet,PTINUSDM
2003-01-01,4445.136363636364,FRED / World Bank Pink Sheet,PTINUSDM
2003-02-01,4572.2,FRED / World Bank Pink Sheet,PTINUSDM
2003-03-01,4592.666666666667,FRED / World Bank Pink Sheet,PTINUSDM
2003-04-01,4561.2,FRED / World Bank Pink Sheet,PTINUSDM
2003-05-01,4733.9175,FRED / World Bank Pink Sheet,PTINUSDM
2003-06-01,4677.861904761905,FRED / World Bank Pink Sheet,PTINUSDM
2003-07-01,4733.152173913043,FRED / World Bank Pink Sheet,PTINUSDM
2003-08-01,4802.475,FRED / World Bank Pink Sheet,PTINUSDM
2003-09-01,4907.25,FRED / World Bank Pink Sheet,PTINUSDM
2003-10-01,5227.434782608696,FRED / World Bank Pink Sheet,PTINUSDM
2003-11-01,5363.325,FRED / World Bank Pink Sheet,PTINUSDM
2003-12-01,6058.407142857143,FRED / World Bank Pink Sheet,PTINUSDM
2004-01-01,6432.488095238095,FRED / World Bank Pink Sheet,PTINUSDM
2004-02-01,6662.7,FRED / World Bank Pink Sheet,PTINUSDM
2004-03-01,7602.20652173913,FRED / World Bank Pink Sheet,PTINUSDM
2004-04-01,8909.0,FRED / World Bank Pink Sheet,PTINUSDM
2004-05-01,9391.631578947368,FRED / World Bank Pink Sheet,PTINUSDM
2004-06-01,9158.636363636364,FRED / World Bank Pink Sheet,PTINUSDM
2004-07-01,9021.909090909092,FRED / World Bank Pink Sheet,PTINUSDM
2004-08-01,9021.42857142857,FRED / World Bank Pink Sheet,PTINUSDM
2004-09-01,9015.681818181818,FRED / World Bank Pink Sheet,PTINUSDM
2004-10-01,9043.214285714286,FRED / World Bank Pink Sheet,PTINUSDM
2004-11-01,9038.651363636363,FRED / World Bank Pink Sheet,PTINUSDM
2004-12-01,8473.714285714286,FRED / World Bank Pink Sheet,PTINUSDM
2005-01-01,7705.65,FRED / World Bank Pink Sheet,PTINUSDM
2005-02-01,8106.325,FRED / World Bank Pink Sheet,PTINUSDM
2005-03-01,8442.238095238095,FRED / World Bank Pink Sheet,PTINUSDM
2005-04-01,8133.809523809524,FRED / World Bank Pink Sheet,PTINUSDM
2005-05-01,8099.25,FRED / World Bank Pink Sheet,PTINUSDM
2005-06-01,7604.363636363636,FRED / World Bank Pink Sheet,PTINUSDM
2005-07-01,7180.928571428571,FRED / World Bank Pink Sheet,PTINUSDM
2005-08-01,7228.136363636364,FRED / World Bank Pink Sheet,PTINUSDM
2005-09-01,6770.579545454545,FRED / World Bank Pink Sheet,PTINUSDM
2005-10-01,6415.47619047619,FRED / World Bank Pink Sheet,PTINUSDM
2005-11-01,6173.715909090909,FRED / World Bank Pink Sheet,PTINUSDM
2005-12-01,6762.5,FRED / World Bank Pink Sheet,PTINUSDM
2006-01-01,7067.357142857143,FRED / World Bank Pink Sheet,PTINUSDM
2006-02-01,7788.8625,FRED / World Bank Pink Sheet,PTINUSDM
2006-03-01,7949.021739130435,FRED / World Bank Pink Sheet,PTINUSDM
2006-04-01,8859.652777777777,FRED / World Bank Pink Sheet,PTINUSDM
2006-05-01,8793.166666666668,FRED / World Bank Pink Sheet,PTINUSDM
2006-06-01,7858.772727272727,FRED / World Bank Pink Sheet,PTINUSDM
2006-07-01,8356.440476190475,FRED / World Bank Pink Sheet,PTINUSDM
2006-08-01,8436.681818181818,FRED / World Bank Pink Sheet,PTINUSDM
2006-09-01,8975.02380952381,FRED / World Bank Pink Sheet,PTINUSDM
2006-10-01,9809.5,FRED / World Bank Pink Sheet,PTINUSDM
2006-11-01,10038.40909090909,FRED / World Bank Pink Sheet,PTINUSDM
2006-12-01,11125.94736842105,FRED / World Bank Pink Sheet,PTINUSDM
2007-01-01,11331.45454545455,FRED / World Bank Pink Sheet,PTINUSDM
2007-02-01,12890.2,FRED / World Bank Pink Sheet,PTINUSDM
2007-03-01,13787.25,FRED / World Bank Pink Sheet,PTINUSDM
2007-04-01,13952.84210526316,FRED / World Bank Pink Sheet,PTINUSDM
2007-05-01,14162.14285714286,FRED / World Bank Pink Sheet,PTINUSDM
2007-06-01,14078.83333333333,FRED / World Bank Pink Sheet,PTINUSDM
2007-07-01,14732.72727272727,FRED / World Bank Pink Sheet,PTINUSDM
2007-08-01,15046.97727272727,FRED / World Bank Pink Sheet,PTINUSDM
2007-09-01,14989.05,FRED / World Bank Pink Sheet,PTINUSDM
2007-10-01,16068.34782608696,FRED / World Bank Pink Sheet,PTINUSDM
2007-11-01,16660.77272727273,FRED / World Bank Pink Sheet,PTINUSDM
2007-12-01,16244.72222222222,FRED / World Bank Pink Sheet,PTINUSDM
2008-01-01,16310.93181818182,FRED / World Bank Pink Sheet,PTINUSDM
2008-02-01,17269.80952380952,FRED / World Bank Pink Sheet,PTINUSDM
2008-03-01,19799.07894736842,FRED / World Bank Pink Sheet,PTINUSDM
2008-04-01,21646.022727272728,FRED / World Bank Pink Sheet,PTINUSDM
2008-05-01,23853.6,FRED / World Bank Pink Sheet,PTINUSDM
2008-06-01,22133.42857142857,FRED / World Bank Pink Sheet,PTINUSDM
2008-07-01,22955.630434782608,FRED / World Bank Pink Sheet,PTINUSDM
2008-08-01,19935.0,FRED / World Bank Pink Sheet,PTINUSDM
2008-09-01,18306.59090909091,FRED / World Bank Pink Sheet,PTINUSDM
2008-10-01,14423.34782608696,FRED / World Bank Pink Sheet,PTINUSDM
2008-11-01,13674.15,FRED / World Bank Pink Sheet,PTINUSDM
2008-12-01,11292.14285714286,FRED / World Bank Pink Sheet,PTINUSDM
2009-01-01,11563.33333333333,FRED / World Bank Pink Sheet,PTINUSDM
2009-02-01,11074.775,FRED / World Bank Pink Sheet,PTINUSDM
2009-03-01,10689.40909090909,FRED / World Bank Pink Sheet,PTINUSDM
2009-04-01,11830.2,FRED / World Bank Pink Sheet,PTINUSDM
2009-05-01,13814.89473684211,FRED / World Bank Pink Sheet,PTINUSDM
2009-06-01,15005.25,FRED / World Bank Pink Sheet,PTINUSDM
2009-07-01,13923.4347826087,FRED / World Bank Pink Sheet,PTINUSDM
2009-08-01,14761.65,FRED / World Bank Pink Sheet,PTINUSDM
2009-09-01,14936.22727272727,FRED / World Bank Pink Sheet,PTINUSDM
2009-10-01,15037.40909090909,FRED / World Bank Pink Sheet,PTINUSDM
2009-11-01,14966.14285714286,FRED / World Bank Pink Sheet,PTINUSDM
2009-12-01,15588.69047619048,FRED / World Bank Pink Sheet,PTINUSDM
2010-01-01,17710.2,FRED / World Bank Pink Sheet,PTINUSDM
2010-02-01,16352.3,FRED / World Bank Pink Sheet,PTINUSDM
2010-03-01,17509.13043478261,FRED / World Bank Pink Sheet,PTINUSDM
2010-04-01,18634.6,FRED / World Bank Pink Sheet,PTINUSDM
2010-05-01,17565.02631578947,FRED / World Bank Pink Sheet,PTINUSDM
2010-06-01,17257.72727272727,FRED / World Bank Pink Sheet,PTINUSDM
2010-07-01,18206.522727272728,FRED / World Bank Pink Sheet,PTINUSDM
2010-08-01,20733.07142857143,FRED / World Bank Pink Sheet,PTINUSDM
2010-09-01,22694.36363636364,FRED / World Bank Pink Sheet,PTINUSDM
2010-10-01,26237.09523809524,FRED / World Bank Pink Sheet,PTINUSDM
2010-11-01,25403.09090909091,FRED / World Bank Pink Sheet,PTINUSDM
2010-12-01,26103.85714285714,FRED / World Bank Pink Sheet,PTINUSDM
2011-01-01,27439.35,FRED / World Bank Pink Sheet,PTINUSDM
2011-02-01,31619.65,FRED / World Bank Pink Sheet,PTINUSDM
2011-03-01,30590.9347826087,FRED / World Bank Pink Sheet,PTINUSDM
2011-04-01,32347.69444444444,FRED / World Bank Pink Sheet,PTINUSDM
2011-05-01,28571.4,FRED / World Bank Pink Sheet,PTINUSDM
2011-06-01,25519.68181818182,FRED / World Bank Pink Sheet,PTINUSDM
2011-07-01,27398.09523809524,FRED / World Bank Pink Sheet,PTINUSDM
2011-08-01,24056.727272727272,FRED / World Bank Pink Sheet,PTINUSDM
2011-09-01,22526.602272727272,FRED / World Bank Pink Sheet,PTINUSDM
2011-10-01,21868.64285714286,FRED / World Bank Pink Sheet,PTINUSDM
2011-11-01,21291.70454545455,FRED / World Bank Pink Sheet,PTINUSDM
2011-12-01,19386.9125,FRED / World Bank Pink Sheet,PTINUSDM
2012-01-01,21547.70238095238,FRED / World Bank Pink Sheet,PTINUSDM
2012-02-01,24293.30952380952,FRED / World Bank Pink Sheet,PTINUSDM
2012-03-01,22985.43181818182,FRED / World Bank Pink Sheet,PTINUSDM
2012-04-01,22114.526315789473,FRED / World Bank Pink Sheet,PTINUSDM
2012-05-01,20295.34090909091,FRED / World Bank Pink Sheet,PTINUSDM
2012-06-01,19255.39473684211,FRED / World Bank Pink Sheet,PTINUSDM
2012-07-01,18546.09090909091,FRED / World Bank Pink Sheet,PTINUSDM
2012-08-01,18675.55681818182,FRED / World Bank Pink Sheet,PTINUSDM
2012-09-01,20771.2625,FRED / World Bank Pink Sheet,PTINUSDM
2012-10-01,21233.695652173912,FRED / World Bank Pink Sheet,PTINUSDM
2012-11-01,20713.06818181818,FRED / World Bank Pink Sheet,PTINUSDM
2012-12-01,22880.89473684211,FRED / World Bank Pink Sheet,PTINUSDM
2013-01-01,24598.897727272728,FRED / World Bank Pink Sheet,PTINUSDM
2013-02-01,24211.7375,FRED / World Bank Pink Sheet,PTINUSDM
2013-03-01,23302.0,FRED / World Bank Pink Sheet,PTINUSDM
2013-04-01,21589.64285714286,FRED / World Bank Pink Sheet,PTINUSDM
2013-05-01,20781.61904761905,FRED / World Bank Pink Sheet,PTINUSDM
2013-06-01,20267.4,FRED / World Bank Pink Sheet,PTINUSDM
2013-07-01,19563.82608695652,FRED / World Bank Pink Sheet,PTINUSDM
2013-08-01,21638.214285714286,FRED / World Bank Pink Sheet,PTINUSDM
2013-09-01,22735.07142857143,FRED / World Bank Pink Sheet,PTINUSDM
2013-10-01,23101.58695652174,FRED / World Bank Pink Sheet,PTINUSDM
2013-11-01,22826.88095238095,FRED / World Bank Pink Sheet,PTINUSDM
2013-12-01,22762.125,FRED / World Bank Pink Sheet,PTINUSDM
2014-01-01,22063.86363636364,FRED / World Bank Pink Sheet,PTINUSDM
2014-02-01,22820.675,FRED / World Bank Pink Sheet,PTINUSDM
2014-03-01,23024.30952380952,FRED / World Bank Pink Sheet,PTINUSDM
2014-04-01,23405.2,FRED / World Bank Pink Sheet,PTINUSDM
2014-05-01,23271.25,FRED / World Bank Pink Sheet,PTINUSDM
2014-06-01,22762.0,FRED / World Bank Pink Sheet,PTINUSDM
2014-07-01,22424.01086956522,FRED / World Bank Pink Sheet,PTINUSDM
2014-08-01,22231.05,FRED / World Bank Pink Sheet,PTINUSDM
2014-09-01,21090.522727272728,FRED / World Bank Pink Sheet,PTINUSDM
2014-10-01,19830.41304347826,FRED / World Bank Pink Sheet,PTINUSDM
2014-11-01,20033.475,FRED / World Bank Pink Sheet,PTINUSDM
2014-12-01,19829.714285714286,FRED / World Bank Pink Sheet,PTINUSDM
2015-01-01,19454.11904761905,FRED / World Bank Pink Sheet,PTINUSDM
2015-02-01,18233.9125,FRED / World Bank Pink Sheet,PTINUSDM
2015-03-01,17421.90909090909,FRED / World Bank Pink Sheet,PTINUSDM
2015-04-01,15900.875,FRED / World Bank Pink Sheet,PTINUSDM
2015-05-01,15803.59210526316,FRED / World Bank Pink Sheet,PTINUSDM
2015-06-01,15064.94318181818,FRED / World Bank Pink Sheet,PTINUSDM
2015-07-01,15071.53260869565,FRED / World Bank Pink Sheet,PTINUSDM
2015-08-01,15163.775,FRED / World Bank Pink Sheet,PTINUSDM
2015-09-01,15453.34090909091,FRED / World Bank Pink Sheet,PTINUSDM
2015-10-01,15794.61363636364,FRED / World Bank Pink Sheet,PTINUSDM
2015-11-01,14745.28571428571,FRED / World Bank Pink Sheet,PTINUSDM
2015-12-01,14691.69047619048,FRED / World Bank Pink Sheet,PTINUSDM
2016-01-01,13808.075,FRED / World Bank Pink Sheet,PTINUSDM
2016-02-01,15610.14285714286,FRED / World Bank Pink Sheet,PTINUSDM
2016-03-01,16897.59523809524,FRED / World Bank Pink Sheet,PTINUSDM
2016-04-01,17032.71428571429,FRED / World Bank Pink Sheet,PTINUSDM
2016-05-01,16706.95,FRED / World Bank Pink Sheet,PTINUSDM
2016-06-01,16966.69318181818,FRED / World Bank Pink Sheet,PTINUSDM
2016-07-01,17826.22619047619,FRED / World Bank Pink Sheet,PTINUSDM
2016-08-01,18427.022727272728,FRED / World Bank Pink Sheet,PTINUSDM
2016-09-01,19499.522727272728,FRED / World Bank Pink Sheet,PTINUSDM
2016-10-01,20099.7619047619,FRED / World Bank Pink Sheet,PTINUSDM
2016-11-01,21126.09090909091,FRED / World Bank Pink Sheet,PTINUSDM
2016-12-01,21204.35,FRED / World Bank Pink Sheet,PTINUSDM
2017-01-01,20691.785714285714,FRED / World Bank Pink Sheet,PTINUSDM
2017-02-01,19446.475,FRED / World Bank Pink Sheet,PTINUSDM
2017-03-01,19875.195652173912,FRED / World Bank Pink Sheet,PTINUSDM
2017-04-01,19910.31944444444,FRED / World Bank Pink Sheet,PTINUSDM
2017-05-01,20200.33333333333,FRED / World Bank Pink Sheet,PTINUSDM
2017-06-01,19658.84090909091,FRED / World Bank Pink Sheet,PTINUSDM
2017-07-01,20223.47619047619,FRED / World Bank Pink Sheet,PTINUSDM
2017-08-01,20521.0,FRED / World Bank Pink Sheet,PTINUSDM
2017-09-01,20796.61904761905,FRED / World Bank Pink Sheet,PTINUSDM
2017-10-01,20376.09090909091,FRED / World Bank Pink Sheet,PTINUSDM
2017-11-01,19557.522727272728,FRED / World Bank Pink Sheet,PTINUSDM
2017-12-01,19476.368421052633,FRED / World Bank Pink Sheet,PTINUSDM
2018-01-01,20696.90909090909,FRED / World Bank Pink Sheet,PTINUSDM
2018-02-01,21651.55,FRED / World Bank Pink Sheet,PTINUSDM
2018-03-01,21211.94047619048,FRED / World Bank Pink Sheet,PTINUSDM
2018-04-01,21291.1,FRED / World Bank Pink Sheet,PTINUSDM
2018-05-01,20858.83333333333,FRED / World Bank Pink Sheet,PTINUSDM
2018-06-01,20660.52380952381,FRED / World Bank Pink Sheet,PTINUSDM
2018-07-01,19729.79545454545,FRED / World Bank Pink Sheet,PTINUSDM
2018-08-01,19228.772727272728,FRED / World Bank Pink Sheet,PTINUSDM
2018-09-01,18967.125,FRED / World Bank Pink Sheet,PTINUSDM
2018-10-01,19121.478260869568,FRED / World Bank Pink Sheet,PTINUSDM
2018-11-01,19064.86363636364,FRED / World Bank Pink Sheet,PTINUSDM
2018-12-01,19259.57894736842,FRED / World Bank Pink Sheet,PTINUSDM
2019-01-01,20457.75,FRED / World Bank Pink Sheet,PTINUSDM
2019-02-01,21263.95,FRED / World Bank Pink Sheet,PTINUSDM
2019-03-01,21393.40476190476,FRED / World Bank Pink Sheet,PTINUSDM
2019-04-01,20604.3,FRED / World Bank Pink Sheet,PTINUSDM
2019-05-01,19523.90476190476,FRED / World Bank Pink Sheet,PTINUSDM
2019-06-01,19193.2,FRED / World Bank Pink Sheet,PTINUSDM
2019-07-01,17977.84782608696,FRED / World Bank Pink Sheet,PTINUSDM
2019-08-01,16608.9880952381,FRED / World Bank Pink Sheet,PTINUSDM
2019-09-01,16830.61904761905,FRED / World Bank Pink Sheet,PTINUSDM
2019-10-01,16603.39130434783,FRED / World Bank Pink Sheet,PTINUSDM
2019-11-01,16335.47619047619,FRED / World Bank Pink Sheet,PTINUSDM
2019-12-01,17141.05,FRED / World Bank Pink Sheet,PTINUSDM
2020-01-01,17029.18181818182,FRED / World Bank Pink Sheet,PTINUSDM
2020-02-01,16480.3,FRED / World Bank Pink Sheet,PTINUSDM
2020-03-01,15290.90909090909,FRED / World Bank Pink Sheet,PTINUSDM
2020-04-01,14952.8,FRED / World Bank Pink Sheet,PTINUSDM
2020-05-01,15401.91842105263,FRED / World Bank Pink Sheet,PTINUSDM
2020-06-01,16837.84090909091,FRED / World Bank Pink Sheet,PTINUSDM
2020-07-01,17469.92391304348,FRED / World Bank Pink Sheet,PTINUSDM
2020-08-01,17660.36095238095,FRED / World Bank Pink Sheet,PTINUSDM
2020-09-01,17951.255,FRED / World Bank Pink Sheet,PTINUSDM
2020-10-01,18176.587727272727,FRED / World Bank Pink Sheet,PTINUSDM
2020-11-01,18522.48,FRED / World Bank Pink Sheet,PTINUSDM
2020-12-01,19731.955714285712,FRED / World Bank Pink Sheet,PTINUSDM
2021-01-01,21920.2375,FRED / World Bank Pink Sheet,PTINUSDM
2021-02-01,26315.75,FRED / World Bank Pink Sheet,PTINUSDM
2021-03-01,27061.0,FRED / World Bank Pink Sheet,PTINUSDM
2021-04-01,28328.425,FRED / World Bank Pink Sheet,PTINUSDM
2021-05-01,32283.9,FRED / World Bank Pink Sheet,PTINUSDM
2021-06-01,32502.54545454545,FRED / World Bank Pink Sheet,PTINUSDM
2021-07-01,34020.18181818182,FRED / World Bank Pink Sheet,PTINUSDM
2021-08-01,35024.0,FRED / World Bank Pink Sheet,PTINUSDM
2021-09-01,34887.30272727273,FRED / World Bank Pink Sheet,PTINUSDM
2021-10-01,37722.92047619048,FRED / World Bank Pink Sheet,PTINUSDM
2021-11-01,39158.68954545455,FRED / World Bank Pink Sheet,PTINUSDM
2021-12-01,39422.51666666667,FRED / World Bank Pink Sheet,PTINUSDM
2022-01-01,41791.7,FRED / World Bank Pink Sheet,PTINUSDM
2022-02-01,43983.3535,FRED / World Bank Pink Sheet,PTINUSDM
2022-03-01,43949.668695652166,FRED / World Bank Pink Sheet,PTINUSDM
2022-04-01,43022.2380952381,FRED / World Bank Pink Sheet,PTINUSDM
2022-05-01,35992.325,FRED / World Bank Pink Sheet,PTINUSDM
2022-06-01,31890.19,FRED / World Bank Pink Sheet,PTINUSDM
2022-07-01,25395.7719047619,FRED / World Bank Pink Sheet,PTINUSDM
2022-08-01,24660.15217391304,FRED / World Bank Pink Sheet,PTINUSDM
2022-09-01,21124.03681818182,FRED / World Bank Pink Sheet,PTINUSDM
2022-10-01,19391.166190476193,FRED / World Bank Pink Sheet,PTINUSDM
2022-11-01,21249.5,FRED / World Bank Pink Sheet,PTINUSDM
2022-12-01,24149.337727272727,FRED / World Bank Pink Sheet,PTINUSDM
2023-01-01,27999.602272727272,FRED / World Bank Pink Sheet,PTINUSDM
2023-02-01,26862.904,FRED / World Bank Pink Sheet,PTINUSDM
2023-03-01,23999.963478260874,FRED / World Bank Pink Sheet,PTINUSDM
2023-04-01,25643.875,FRED / World Bank Pink Sheet,PTINUSDM
2023-05-01,25594.213478260874,FRED / World Bank Pink Sheet,PTINUSDM
2023-06-01,27216.68136363636,FRED / World Bank Pink Sheet,PTINUSDM
2023-07-01,28743.14285714286,FRED / World Bank Pink Sheet,PTINUSDM
2023-08-01,26040.39347826087,FRED / World Bank Pink Sheet,PTINUSDM
2023-09-01,25573.9280952381,FRED / World Bank Pink Sheet,PTINUSDM
2023-10-01,24501.385,FRED / World Bank Pink Sheet,PTINUSDM
2023-11-01,24167.860909090912,FRED / World Bank Pink Sheet,PTINUSDM
2023-12-01,24603.00047619048,FRED / World Bank Pink Sheet,PTINUSDM
2024-01-01,25142.98173913043,FRED / World Bank Pink Sheet,PTINUSDM
2024-02-01,26104.09952380952,FRED / World Bank Pink Sheet,PTINUSDM
2024-03-01,27452.05476190476,FRED / World Bank Pink Sheet,PTINUSDM
2024-04-01,31540.010909090914,FRED / World Bank Pink Sheet,PTINUSDM
2024-05-01,32933.616521739124,FRED / World Bank Pink Sheet,PTINUSDM
2024-06-01,32032.703,FRED / World Bank Pink Sheet,PTINUSDM
2024-07-01,31860.47391304348,FRED / World Bank Pink Sheet,PTINUSDM
2024-08-01,31553.939545454552,FRED / World Bank Pink Sheet,PTINUSDM
2024-09-01,31554.18238095238,FRED / World Bank Pink Sheet,PTINUSDM
2024-10-01,32012.43434782609,FRED / World Bank Pink Sheet,PTINUSDM
2024-11-01,29664.96857142857,FRED / World Bank Pink Sheet,PTINUSDM
2024-12-01,28860.545909090913,FRED / World Bank Pink Sheet,PTINUSDM
2025-01-01,29579.04304347826,FRED / World Bank Pink Sheet,PTINUSDM
2025-02-01,31797.959,FRED / World Bank Pink Sheet,PTINUSDM
2025-03-01,34179.641428571435,FRED / World Bank Pink Sheet,PTINUSDM
2025-04-01,32303.49863636364,FRED / World Bank Pink Sheet,PTINUSDM
2025-05-01,31944.38272727273,FRED / World Bank Pink Sheet,PTINUSDM
2025-06-01,32544.02952380952,FRED / World Bank Pink Sheet,PTINUSDM
2025-07-01,33610.25739130435,FRED / World Bank Pink Sheet,PTINUSDM
2025-08-01,33834.96476190476,FRED / World Bank Pink Sheet,PTINUSDM
2025-09-01,34528.05772727273,FRED / World Bank Pink Sheet,PTINUSDM
2025-10-01,36011.9252173913,FRED / World Bank Pink Sheet,PTINUSDM
2025-11-01,36963.2215,FRED / World Bank Pink Sheet,PTINUSDM
2025-12-01,41402.90909090909,FRED / World Bank Pink Sheet,PTINUSDM
2026-01-01,49133.78227272727,FRED / World Bank Pink Sheet,PTINUSDM
2026-02-01,48694.3375,FRED / World Bank Pink Sheet,PTINUSDM
